{
  "First_Day_of_Week": 1667779200000,
  "ISO_Week": "2022-W45",
  "Team": "Sales",
  "Inclusion score": 56.4657665217,
  "Team Inclusion": 56.7926186002,
  "Cross-Functional Inclusion": 40.9598732756,
  "Informal Influence": 71.4332601324,
  "Work Habits": 56.6773140785
}
